v5_1_LEFT	v5_1_RIGHT
v5_2_LEFT	v5_2_RIGHT
v5_3_LEFT	v5_3_RIGHT
v5_4_LEFT	v5_4_RIGHT
v5_5_LEFT	v5_5_RIGHT
v5_6_LEFT	v5_6_RIGHT
v5_7_LEFT	v5_7_RIGHT
v5_8_LEFT	v5_8_RIGHT
v5_9_LEFT	v5_9_RIGHT
v5_10_LEFT	v5_10_RIGHT
v5_11_LEFT	v5_11_RIGHT
v5_12_LEFT	v5_12_RIGHT
v5_13_LEFT	v5_13_RIGHT
v5_14_LEFT	v5_14_RIGHT
v5_15_LEFT	v5_15_RIGHT
v5_16_LEFT	v5_16_RIGHT
v5_17_LEFT	v5_17_RIGHT
v5_18_LEFT	v5_18_RIGHT
v5_19_LEFT	v5_19_RIGHT
v5_20_LEFT	v5_20_RIGHT
v5_21_LEFT	v5_21_RIGHT
v5_22_LEFT	v5_22_RIGHT
v5_23_LEFT	v5_23_RIGHT
v5_24_LEFT	v5_24_RIGHT
v5_25_LEFT	v5_25_RIGHT
v5_26_LEFT	v5_26_RIGHT
v5_27_LEFT	v5_27_RIGHT
v5_28_LEFT	v5_28_RIGHT
v5_29_LEFT	v5_29_RIGHT
v5_30_LEFT	v5_30_RIGHT
v5_31_LEFT	v5_31_RIGHT
v5_32_LEFT	v5_32_RIGHT
v5_33_LEFT	v5_33_RIGHT
v5_34_LEFT	v5_34_RIGHT
v5_35_LEFT	v5_35_RIGHT
v5_36_LEFT	v5_36_RIGHT
v5_37_LEFT	v5_37_RIGHT
v5_38_LEFT	v5_38_RIGHT
v5_39_LEFT	v5_39_RIGHT
v5_40_LEFT	v5_40_RIGHT
v5_41_LEFT	v5_41_RIGHT
v5_42_LEFT	v5_42_RIGHT
v5_43_LEFT	v5_43_RIGHT
v5_44_LEFT	v5_44_RIGHT
v5_45_LEFT	v5_45_RIGHT
v5_46_LEFT	v5_46_RIGHT
v5_47_LEFT	v5_47_RIGHT
v5_48_LEFT	v5_48_RIGHT
v5_49_LEFT	v5_49_RIGHT
v5_50_LEFT	v5_50_RIGHT
v5_51_LEFT	v5_51_RIGHT
v5_52_LEFT	v5_52_RIGHT
v5_53_LEFT	v5_53_RIGHT
v5_54_LEFT	v5_54_RIGHT
v5_55_LEFT	v5_55_RIGHT
v5_56_LEFT	v5_56_RIGHT
v5_57_LEFT	v5_57_RIGHT
v5_58_LEFT	v5_58_RIGHT
v5_59_LEFT	v5_59_RIGHT
v5_60_LEFT	v5_60_RIGHT
v5_61_LEFT	v5_61_RIGHT
v5_62_LEFT	v5_62_RIGHT
v5_63_LEFT	v5_63_RIGHT
v5_64_LEFT	v5_64_RIGHT
v5_65_LEFT	v5_65_RIGHT
v5_66_LEFT	v5_66_RIGHT
v5_67_LEFT	v5_67_RIGHT
v5_68_LEFT	v5_68_RIGHT
v5_69_LEFT	v5_69_RIGHT
v5_70_LEFT	v5_70_RIGHT
v5_71_LEFT	v5_71_RIGHT
v5_72_LEFT	v5_72_RIGHT
v5_73_LEFT	v5_73_RIGHT
v5_74_LEFT	v5_74_RIGHT
v5_75_LEFT	v5_75_RIGHT
v5_76_LEFT	v5_76_RIGHT
v5_77_LEFT	v5_77_RIGHT
v5_78_LEFT	v5_78_RIGHT
v5_79_LEFT	v5_79_RIGHT
v5_80_LEFT	v5_80_RIGHT
v5_81_LEFT	v5_81_RIGHT
v5_82_LEFT	v5_82_RIGHT
v5_83_LEFT	v5_83_RIGHT
v5_84_LEFT	v5_84_RIGHT
v5_85_LEFT	v5_85_RIGHT
v5_86_LEFT	v5_86_RIGHT
v5_87_LEFT	v5_87_RIGHT
v5_88_LEFT	v5_88_RIGHT
v5_89_LEFT	v5_89_RIGHT
v5_90_LEFT	v5_90_RIGHT
v5_91_LEFT	v5_91_RIGHT
v5_92_LEFT	v5_92_RIGHT
v5_93_LEFT	v5_93_RIGHT
v5_94_LEFT	v5_94_RIGHT
v5_95_LEFT	v5_95_RIGHT
v5_96_LEFT	v5_96_RIGHT
